chunk_id,doc_id,chunk_text,effective_date,exported_at,reason,effective_date_normalized
1,hr_leave_policy,Nhân viên dưới 3 năm kinh nghiệm được 10 ngày phép năm (bản HR 2025).,,2026-04-06T00:00:00,missing_effective_date,
2,hr_leave_policy,Nhân viên dưới 3 năm kinh nghiệm được 10 ngày phép năm (bản HR 2025).,2025-05-08,2026-04-02T00:00:00,stale_hr_policy_effective_date,2025-05-08
3,invalid_doc_xzyxyx,Ticket P1 có SLA phản hồi ban đầu 15 phút và resolution trong 4 giờ. Chú ý: effective_date không đồng nhất giữa các nguồn.,2025-03-01,2026-04-03T00:00:00,unknown_doc_id,
6,hr_leave_policy,Nhân viên dưới 3 năm kinh nghiệm được 10 ngày phép năm (bản HR 2025).,2026-03-30,2026-04-10T00:00:00,stale_hr_version_marker,
7,security_policy,Người dùng phải bật xác thực hai yếu tố để truy cập hệ thống quản trị.,05/02/2025,2026-04-06T00:00:00,unknown_doc_id,
8,hr_leave_policy,Nhân viên dưới 3 năm kinh nghiệm được 10 ngày phép năm (bản HR 2025).,2025-03-07,2026-04-05T00:00:00,stale_hr_policy_effective_date,2025-03-07
9,hr_leave_policy,Nhân viên dưới 3 năm kinh nghiệm được 10 ngày phép năm (bản HR 2025).,2026-01-09,2026-04-11T00:00:00,stale_hr_version_marker,
10,policy_refund_v4,Yêu cầu được gửi trong vòng 7 ngày làm việc kể từ thời điểm xác nhận đơn hàng.,,2026-04-03T00:00:00,missing_effective_date,
12,data_privacy_guideline,Dữ liệu người dùng phải được mã hóa ở trạng thái nghỉ và đang truyền.,2025-01-18,2026-04-04T00:00:00,unknown_doc_id,
14,invalid_doc_xxzxyz,Yêu cầu được gửi trong vòng 7 ngày làm việc kể từ thời điểm xác nhận đơn hàng.,2025-08-16,2026-04-05T00:00:00,unknown_doc_id,
15,invalid_doc_yyzzxz,Dữ liệu người dùng phải được mã hóa ở trạng thái nghỉ và đang truyền.,2026-01-18,2026-04-03T00:00:00,unknown_doc_id,
16,data_privacy_guideline,Dữ liệu người dùng phải được mã hóa ở trạng thái nghỉ và đang truyền.,07/08/2025,2026-04-07T00:00:00,unknown_doc_id,
17,invalid_doc_zxxyxz,Tài khoản bị khóa sau 5 lần đăng nhập sai liên tiếp.,2026-02-21,2026-04-07T00:00:00,unknown_doc_id,
19,invalid_doc_yxzzzz,Chunk nội dung đủ dài để vượt ngưỡng expectation độ dài tối thiểu trong cleaned export.,2025-05-28,2026-04-04T00:00:00,unknown_doc_id,
20,hr_leave_policy,Nhân viên dưới 3 năm kinh nghiệm được 10 ngày phép năm (bản HR 2025).,2025-10-19,2026-04-09T00:00:00,stale_hr_policy_effective_date,2025-10-19
21,legacy_catalog_xyz_zzz,Chunk nội dung đủ dài để vượt ngưỡng expectation độ dài tối thiểu trong cleaned export.,2025-04-24,2026-04-10T00:00:00,unknown_doc_id,
22,hr_leave_policy,Nhân viên dưới 3 năm kinh nghiệm được 10 ngày phép năm (bản HR 2025).,2026-01-04,2026/04/11T00:00:00,stale_hr_version_marker,
23,sla_p1_2026,Ticket P1 có SLA phản hồi ban đầu 15 phút và resolution trong 4 giờ.,2025-09-18,2026-04-04T00:00:00,duplicate_chunk_text,
24,legacy_catalog_xyz_zzz,Chunk nội dung đủ dài để vượt ngưỡng expectation độ dài tối thiểu trong cleaned export.,2025-08-21,2026-04-04T00:00:00,unknown_doc_id,
26,data_privacy_guideline,Dữ liệu người dùng phải được mã hóa ở trạng thái nghỉ và đang truyền.,2025-12-09,2026-04-04T00:00:00,unknown_doc_id,
27,data_privacy_guideline,,2025-05-15,2026-04-04T00:00:00,unknown_doc_id,
28,it_helpdesk_faq,,2026-03-21,2026-04-06T00:00:00,missing_chunk_text,
29,data_privacy_guideline,Nội dung không rõ ràng: Dữ liệu người dùng phải được mã hóa ở trạng thái nghỉ và đang truyền.,26/05/2025,2026-04-09T00:00:00,unknown_doc_id,
30,security_policy,Người dùng phải bật xác thực hai yếu tố để truy cập hệ thống quản trị.,2025-08-04,2026-04-06T00:00:00,unknown_doc_id,
31,sla_p1_2026,Ticket P1 có SLA phản hồi ban đầu 15 phút và resolution trong 4 giờ.,,2026-04-06T00:00:00,missing_effective_date,
32,hr_leave_policy,Nhân viên dưới 3 năm kinh nghiệm được 10 ngày phép năm (bản HR 2025).,2025-12-06,2026-04-10T00:00:00,stale_hr_policy_effective_date,2025-12-06
33,data_privacy_guideline,Dữ liệu người dùng phải được mã hóa ở trạng thái nghỉ và đang truyền.,2026-02-18,2026-04-02T00:00:00,unknown_doc_id,
34,legacy_catalog_xyz_zzz,Chunk nội dung đủ dài để vượt ngưỡng expectation độ dài tối thiểu trong cleaned export.,2025-08-27,2026-04-07T00:00:00,unknown_doc_id,
36,hr_leave_policy,Nhân viên dưới 3 năm kinh nghiệm được 10 ngày phép năm (bản HR 2025). Nhân viên dưới 3 năm kinh nghiệm được 10 ngày phép năm (bản HR 2025). Nhân viên dưới 3 năm kinh nghiệm được 10 ngày phép năm (bản HR 2025). Nhân viên dưới 3 năm kinh nghiệm được 10 ngày phép năm (bản HR 2025). Nhân viên dưới 3 năm kinh nghiệm được 10 ngày phép năm (bản HR 2025).,2026-02-10,2026-04-07T00:00:00,stale_hr_version_marker,
37,data_privacy_guideline,Dữ liệu người dùng phải được mã hóa ở trạng thái nghỉ và đang truyền.,2025-11-30,2026/04/04T00:00:00,unknown_doc_id,
38,hr_leave_policy,Nội dung không rõ ràng:,2025-09-26,2026-04-08T00:00:00,stale_hr_policy_effective_date,2025-09-26
39,sla_p1_2026,Ticket P1 có SLA phản hồi ban đầu 15 phút và resolution trong 4 giờ.,2025-12-25,2026-04-10T00:00:00,duplicate_chunk_text,
41,data_privacy_guideline,Dữ liệu người dùng phải được mã hóa ở trạng thái nghỉ và đang truyền. Ghi chú: bản sync cũ policy-v3 — lỗi migration.,2025-12-09,2026-04-05T00:00:00,unknown_doc_id,
42,security_policy,Người dùng phải bật xác thực hai yếu tố để truy cập hệ thống quản trị.,2025-08-17,2026-04-11T00:00:00,unknown_doc_id,
43,hr_leave_policy,Nhân viên dưới 3 năm kinh nghiệm được 10 ngày phép năm (bản HR 2025).,2025-03-04,2026-04-02T00:00:00,stale_hr_policy_effective_date,2025-03-04
44,policy_refund_v4,Yêu cầu được gửi trong vòng 7 ngày làm việc kể từ thời điểm xác nhận đơn hàng.,2026-02-04,2026-04-01T00:00:00,duplicate_chunk_text,
45,data_privacy_guideline,Dữ liệu người dùng phải được mã hóa ở trạng thái nghỉ và đang truyền.,07/02/2025,2026-04-06T00:00:00,unknown_doc_id,
46,legacy_catalog_xyz_zzz,Nội dung không rõ ràng: Chunk nội dung đủ dài để vượt ngưỡng expectation độ dài tối thiểu trong cleaned export.,2025-03-11,2026-04-02T00:00:00,unknown_doc_id,
47,invalid_doc_xyyyxz,Tài khoản bị khóa sau 5 lần đăng nhập sai liên tiếp.,2026-04-01,2026-04-08T00:00:00,unknown_doc_id,
48,legacy_catalog_xyz_zzz,Chunk nội dung đủ dài để vượt ngưỡng expectation độ dài tối thiểu trong cleaned export.,16/10/2025,2026-04-07T00:00:00,unknown_doc_id,
49,policy_refund_v4,Yêu cầu được gửi trong vòng 7 ngày làm việc kể từ thời điểm xác nhận đơn hàng.,2025-04-14,2026-04-02T00:00:00,duplicate_chunk_text,
50,legacy_catalog_xyz_zzz,Chunk nội dung đủ dài để vượt ngưỡng expectation độ dài tối thiểu trong cleaned export.,2026-01-06,2026-04-02T00:00:00,unknown_doc_id,
51,security_policy,Người dùng phải bật xác thực hai yếu tố để truy cập hệ thống quản trị.,2025-12-29,2026-04-09T00:00:00,unknown_doc_id,
52,invalid_doc_zyxyzz,Dữ liệu người dùng phải được mã hóa ở trạng thái nghỉ và đang truyền.,2025-08-25,2026-04-11T00:00:00,unknown_doc_id,
53,legacy_catalog_xyz_zzz,Chunk nội dung đủ dài để vượt ngưỡng expectation độ dài tối thiểu trong cleaned export.,2025-03-27,2026-04-02T00:00:00,unknown_doc_id,
54,security_policy,Người dùng phải bật xác thực hai yếu tố để truy cập hệ thống quản trị.,2026-01-02,2026-04-01T00:00:00,unknown_doc_id,
55,policy_refund_v4,Nội dung không rõ ràng: Yêu cầu hoàn tiền được chấp nhận trong vòng 14 ngày làm việc kể từ xác nhận đơn.,2025-07-10,2026/04/07T00:00:00,duplicate_chunk_text,
56,sla_p1_2026,Nội dung không rõ ràng: !!!Ticket P1 có SLA phản hồi ban đầu 15 phút và resolution trong 4 giờ.,17/11/2025,2026-04-06T00:00:00,duplicate_chunk_text,
57,it_helpdesk_faq,Tài khoản bị khóa sau 5 lần đăng nhập sai liên tiếp.,2025-11-26,2026-04-07T00:00:00,duplicate_chunk_text,
58,hr_leave_policy,Nhân viên dưới 3 năm kinh nghiệm được 10 ngày phép năm (bản HR 2025).,2026-02-14,2026-04-11T00:00:00,stale_hr_version_marker,
59,sla_p1_2026,Ticket P1 có SLA phản hồi ban đầu 15 phút và resolution trong 4 giờ.,2025-04-22,2026-04-04T00:00:00,duplicate_chunk_text,
60,data_privacy_guideline,Nội dung không rõ ràng: Dữ liệu người dùng phải được mã hóa ở trạng thái nghỉ và đang truyền.,2025-11-19,2026-04-04T00:00:00,unknown_doc_id,
61,invalid_doc_zxyzxz,Chunk nội dung đủ dài để vượt ngưỡng expectation độ dài tối thiểu trong cleaned export.,2026-02-15,2026-04-09T00:00:00,unknown_doc_id,
62,legacy_catalog_xyz_zzz,Chunk nội dung đủ dài để vượt ngưỡng expectation độ dài tối thiểu trong cleaned export.,,2026-04-09T00:00:00,unknown_doc_id,
63,it_helpdesk_faq,Tài khoản bị khóa sau 5 lần đăng nhập sai liên tiếp.,01/04/2025,2026-04-03T00:00:00,duplicate_chunk_text,
64,security_policy,Người dùng phải bật xác thực hai yếu tố để truy cập hệ thống quản trị.,17/03/2026,2026/04/06T00:00:00,unknown_doc_id,
65,hr_leave_policy,Nhân viên dưới 3 năm kinh nghiệm được 12 ngày phép năm theo chính sách 2026.,2025-09-15,2026-04-11T00:00:00,stale_hr_policy_effective_date,2025-09-15
66,invalid_doc_xyxyxy,Người dùng phải bật xác thực hai yếu tố để truy cập hệ thống quản trị.,06/03/2025,2026-04-11T00:00:00,unknown_doc_id,
67,legacy_catalog_xyz_zzz,,2025-09-02,2026-04-01T00:00:00,unknown_doc_id,
68,data_privacy_guideline,Dữ liệu người dùng phải được mã hóa ở trạng thái nghỉ và đang truyền.,2025-05-21,2026-04-11T00:00:00,unknown_doc_id,
69,sla_p1_2026,Ticket P1 có SLA phản hồi ban đầu 15 phút và resolution trong 4 giờ.,2025-06-25,2026-04-05T00:00:00,duplicate_chunk_text,
70,hr_leave_policy,Nhân viên dưới 3 năm kinh nghiệm được 10 ngày phép năm (bản HR 2025).,2025-09-15,2026-04-06T00:00:00,stale_hr_policy_effective_date,2025-09-15
71,legacy_catalog_xyz_zzz,Chunk nội dung đủ dài để vượt ngưỡng expectation độ dài tối thiểu trong cleaned export.,2025-10-19,2026-04-02T00:00:00,unknown_doc_id,
72,legacy_catalog_xyz_zzz,Chunk nội dung đủ dài để vượt ngưỡng expectation độ dài tối thiểu trong cleaned export.,2025-11-18,2026-04-08T00:00:00,unknown_doc_id,
73,invalid_doc_xxyzyy,,2025-06-07,2026-04-04T00:00:00,unknown_doc_id,
74,invalid_doc_xzzxxy,,2025-06-13,2026/04/02T00:00:00,unknown_doc_id,
75,it_helpdesk_faq,Tài khoản bị khóa sau 5 lần đăng nhập sai liên tiếp.,2025-11-28,2026-04-06T00:00:00,duplicate_chunk_text,
76,hr_leave_policy,Nhân viên dưới 3 năm kinh nghiệm được 10 ngày phép năm (bản HR 2025).,2026-02-06,2026-04-03T00:00:00,stale_hr_version_marker,
77,security_policy,Người dùng phải bật xác thực hai yếu tố để truy cập hệ thống quản trị.,2025-01-29,2026-04-09T00:00:00,unknown_doc_id,
78,data_privacy_guideline,Dữ liệu người dùng phải được mã hóa ở trạng thái nghỉ và đang truyền.,2025-01-28,2026-04-10T00:00:00,unknown_doc_id,
79,invalid_doc_zzzyxz,Dữ liệu người dùng phải được mã hóa ở trạng thái nghỉ và đang truyền.,2026-01-25,2026-04-05T00:00:00,unknown_doc_id,
80,policy_refund_v4,Yêu cầu được gửi trong vòng 7 ngày làm việc kể từ thời điểm xác nhận đơn hàng.,2025-05-10,2026-04-07T00:00:00,duplicate_chunk_text,
81,invalid_doc_yzzxxz,Nhân viên dưới 3 năm kinh nghiệm được 10 ngày phép năm (bản HR 2025).,2025-09-12,2026-04-08T00:00:00,unknown_doc_id,
83,sla_p1_2026,Ticket P1 có SLA phản hồi ban đầu 15 phút và resolution trong 4 giờ.,2025-05-14,2026-04-02T00:00:00,duplicate_chunk_text,
84,policy_refund_v4,Yêu cầu hoàn tiền được chấp nhận trong vòng 14 ngày làm việc kể từ xác nhận đơn.,2026-02-05,2026/04/05T00:00:00,duplicate_chunk_text,
85,policy_refund_v4,Yêu cầu được gửi trong vòng 7 ngày làm việc kể từ thời điểm xác nhận đơn hàng.,2025-01-06,2026-04-04T00:00:00,duplicate_chunk_text,
86,policy_refund_v4,Yêu cầu được gửi trong vòng 7 ngày làm việc kể từ thời điểm xác nhận đơn hàng.,2025-11-17,2026-04-07T00:00:00,duplicate_chunk_text,
87,data_privacy_guideline,!!!Dữ liệu người dùng phải được mã hóa ở trạng thái nghỉ và đang truyền.,2026-02-28,2026/04/06T00:00:00,unknown_doc_id,
88,hr_leave_policy,Nhân viên dưới 3 năm kinh nghiệm được 10 ngày phép năm (bản HR 2025).,2025-09-10,2026-04-02T00:00:00,stale_hr_policy_effective_date,2025-09-10
89,sla_p1_2026,Ticket P1 có SLA phản hồi ban đầu 15 phút và resolution trong 4 giờ.,2025-04-21,2026-04-05T00:00:00,duplicate_chunk_text,
90,data_privacy_guideline,Nội dung không rõ ràng: !!!Dữ liệu người dùng phải được mã hóa ở trạng thái nghỉ và đang truyền.,2025-08-26,2026-04-06T00:00:00,unknown_doc_id,
91,policy_refund_v4,Yêu cầu hoàn tiền được chấp nhận trong vòng 14 ngày làm việc kể từ xác nhận đơn.,2025-04-24,2026-04-02T00:00:00,duplicate_chunk_text,
92,data_privacy_guideline,,2025-06-29,2026-04-07T00:00:00,unknown_doc_id,
93,hr_leave_policy,Nhân viên dưới 3 năm kinh nghiệm được 10 ngày phép năm (bản HR 2025).,2026-01-07,2026-04-01T00:00:00,stale_hr_version_marker,
94,policy_refund_v4,!!!Yêu cầu hoàn tiền được chấp nhận trong vòng 14 ngày làm việc kể từ xác nhận đơn.,2025-04-01,2026-04-07T00:00:00,duplicate_chunk_text,
95,security_policy,Người dùng phải bật xác thực hai yếu tố để truy cập hệ thống quản trị.,2025-12-18,2026-04-11T00:00:00,unknown_doc_id,
96,legacy_catalog_xyz_zzz,Chunk nội dung đủ dài để vượt ngưỡng expectation độ dài tối thiểu trong cleaned export.,2025-01-25,2026-04-07T00:00:00,unknown_doc_id,
97,data_privacy_guideline,Dữ liệu người dùng phải được mã hóa ở trạng thái nghỉ và đang truyền.,2025-09-04,2026-04-09T00:00:00,unknown_doc_id,
98,legacy_catalog_xyz_zzz,Chunk nội dung đủ dài để vượt ngưỡng expectation độ dài tối thiểu trong cleaned export.,23/04/2025,2026-04-02T00:00:00,unknown_doc_id,
99,sla_p1_2026,Ticket P1 có SLA phản hồi ban đầu 15 phút và resolution trong 4 giờ.,2025-12-20,2026-04-03T00:00:00,duplicate_chunk_text,
100,policy_refund_v4,Yêu cầu được gửi trong vòng 7 ngày làm việc kể từ thời điểm xác nhận đơn hàng.,2025-09-30,2026-04-05T00:00:00,duplicate_chunk_text,
101,it_helpdesk_faq,FAQ bổ sung: đổi mật khẩu qua portal self-service có thể mất tối đa 24 giờ để đồng bộ toàn hệ thống.,2025-02-18,2026-04-04T00:00:00,duplicate_chunk_text,
102,invalid_doc_yzyzxx,Yêu cầu được gửi trong vòng 7 ngày làm việc kể từ thời điểm xác nhận đơn hàng.,2025-10-01,2026-04-08T00:00:00,unknown_doc_id,
103,legacy_catalog_xyz_zzz,Chunk nội dung đủ dài để vượt ngưỡng expectation độ dài tối thiểu trong cleaned export.,2025-02-22,2026-04-09T00:00:00,unknown_doc_id,
104,legacy_catalog_xyz_zzz,Chunk nội dung đủ dài để vượt ngưỡng expectation độ dài tối thiểu trong cleaned export.,2025-01-17,2026-04-05T00:00:00,unknown_doc_id,
105,sla_p1_2026,Ticket P1 có SLA phản hồi ban đầu 15 phút và resolution trong 4 giờ.,2025-03-05,2026-04-04T00:00:00,duplicate_chunk_text,
106,data_privacy_guideline,Dữ liệu người dùng phải được mã hóa ở trạng thái nghỉ và đang truyền.,2025-09-22,2026/04/11T00:00:00,unknown_doc_id,
107,sla_p1_2026,Ticket P1 có SLA phản hồi ban đầu 15 phút và resolution trong 4 giờ.,2026-03-15,2026-04-04T00:00:00,duplicate_chunk_text,
108,legacy_catalog_xyz_zzz,Chunk nội dung đủ dài để vượt ngưỡng expectation độ dài tối thiểu trong cleaned export.,2025-01-24,2026-04-06T00:00:00,unknown_doc_id,
109,policy_refund_v4,Yêu cầu được gửi trong vòng 7 ngày làm việc làm việc kể từ thời điểm xác nhận đơn hàng.,2025-11-24,2026-04-06T00:00:00,duplicate_chunk_text,
110,hr_leave_policy,Nhân viên dưới 3 năm kinh nghiệm được 10 ngày phép năm (bản HR 2025).,2025-10-07,2026-04-03T00:00:00,stale_hr_policy_effective_date,2025-10-07
111,hr_leave_policy,Nhân viên dưới 3 năm kinh nghiệm được 10 ngày phép năm (bản HR 2025).,,2026-04-11T00:00:00,missing_effective_date,
112,invalid_doc_zzxxzx,Ticket P1 có SLA phản hồi ban đầu 15 phút và resolution trong 4 giờ.,2025-02-06,2026-04-09T00:00:00,unknown_doc_id,
113,legacy_catalog_xyz_zzz,Chunk nội dung đủ dài để vượt ngưỡng expectation độ dài tối thiểu trong cleaned export.,2025-07-01,2026-04-11T00:00:00,unknown_doc_id,
114,data_privacy_guideline,Dữ liệu người dùng phải được mã hóa ở trạng thái nghỉ và đang truyền.,2025-06-16,2026/04/07T00:00:00,unknown_doc_id,
115,legacy_catalog_xyz_zzz,Chunk nội dung đủ dài để vượt ngưỡng expectation độ dài tối thiểu trong cleaned export.,2025-09-06,2026-04-05T00:00:00,unknown_doc_id,
116,invalid_doc_xzxzzz,Dữ liệu người dùng phải được mã hóa ở trạng thái nghỉ và đang truyền.,2025-02-13,2026-04-03T00:00:00,unknown_doc_id,
117,security_policy,Người dùng phải bật xác thực hai yếu tố để truy cập hệ thống quản trị.,2025-11-18,2026-04-04T00:00:00,unknown_doc_id,
118,it_helpdesk_faq,,2025-04-05,2026-04-06T00:00:00,missing_chunk_text,
119,legacy_catalog_xyz_zzz,Chunk nội dung đủ dài để vượt ngưỡng expectation độ dài tối thiểu trong cleaned export.,2026-03-13,2026-04-01T00:00:00,unknown_doc_id,
120,legacy_catalog_xyz_zzz,,2026-03-27,2026-04-05T00:00:00,unknown_doc_id,
121,security_policy,Người dùng phải bật xác thực hai yếu tố để truy cập hệ thống quản trị.,2025-07-24,2026-04-10T00:00:00,unknown_doc_id,
122,policy_refund_v4,Yêu cầu được gửi trong vòng 7 ngày làm việc kể từ thời điểm xác nhận đơn hàng.,,2026-04-08T00:00:00,missing_effective_date,
123,data_privacy_guideline,Dữ liệu người dùng phải được mã hóa ở trạng thái nghỉ và đang truyền.,,2026-04-03T00:00:00,unknown_doc_id,
124,invalid_doc_xzyyyx,Chunk nội dung đủ dài để vượt ngưỡng expectation độ dài tối thiểu trong cleaned export.,2026-02-18,2026-04-03T00:00:00,unknown_doc_id,
125,data_privacy_guideline,Dữ liệu người dùng phải được mã hóa ở trạng thái nghỉ và đang truyền.,2025-02-01,2026-04-07T00:00:00,unknown_doc_id,
126,security_policy,Người dùng phải bật xác thực hai yếu tố để truy cập hệ thống quản trị.,2025-08-28,2026/04/09T00:00:00,unknown_doc_id,
127,data_privacy_guideline,,2026-01-02,2026-04-11T00:00:00,unknown_doc_id,
128,legacy_catalog_xyz_zzz,Chunk nội dung đủ dài để vượt ngưỡng expectation độ dài tối thiểu trong cleaned export. Chunk nội dung đủ dài để vượt ngưỡng expectation độ dài tối thiểu trong cleaned export. Chunk nội dung đủ dài để vượt ngưỡng expectation độ dài tối thiểu trong cleaned export. Chunk nội dung đủ dài để vượt ngưỡng expectation độ dài tối thiểu trong cleaned export. Chunk nội dung đủ dài để vượt ngưỡng expectation độ dài tối thiểu trong cleaned export.,2025-03-16,2026-04-01T00:00:00,unknown_doc_id,
129,security_policy,Người dùng phải bật xác thực hai yếu tố để truy cập hệ thống quản trị.,2025-02-07,2026-04-07T00:00:00,unknown_doc_id,
130,sla_p1_2026,,2025-09-06,2026-04-06T00:00:00,missing_chunk_text,
131,sla_p1_2026,Ticket P1 có SLA phản hồi ban đầu 15 phút và resolution trong 4 giờ.,2025-07-03,2026-04-10T00:00:00,duplicate_chunk_text,
132,legacy_catalog_xyz_zzz,Chunk nội dung đủ dài để vượt ngưỡng expectation độ dài tối thiểu trong cleaned export.,2025-05-01,2026-04-06T00:00:00,unknown_doc_id,
133,policy_refund_v4,Yêu cầu được gửi trong vòng 7 ngày làm việc kể từ thời điểm xác nhận đơn hàng.,2025-08-17,2026-04-09T00:00:00,duplicate_chunk_text,
134,sla_p1_2026,Ticket P1 có SLA phản hồi ban đầu 15 phút và resolution trong 4 giờ.,2025-10-16,2026-04-04T00:00:00,duplicate_chunk_text,
135,security_policy,Người dùng phải bật xác thực hai yếu tố để truy cập hệ thống quản trị.,2026-03-13,2026-04-10T00:00:00,unknown_doc_id,
136,hr_leave_policy,Nhân viên dưới 3 năm kinh nghiệm được 10 ngày phép năm (bản HR 2025).,2025-11-12,2026-04-03T00:00:00,stale_hr_policy_effective_date,2025-11-12
137,invalid_doc_zyxyyx,Người dùng phải bật xác thực hai yếu tố để truy cập hệ thống quản trị.,2025-12-08,2026-04-10T00:00:00,unknown_doc_id,
138,security_policy,Người dùng phải bật xác thực hai yếu tố để truy cập hệ thống quản trị.,2025-04-28,2026-04-09T00:00:00,unknown_doc_id,
139,legacy_catalog_xyz_zzz,Chunk nội dung đủ dài để vượt ngưỡng expectation độ dài tối thiểu trong cleaned export.,2026-03-13,2026-04-02T00:00:00,unknown_doc_id,
140,invalid_doc_xyyyxy,Yêu cầu hoàn tiền được chấp nhận trong vòng 14 ngày làm việc kể từ xác nhận đơn.,,2026-04-11T00:00:00,unknown_doc_id,
141,sla_p1_2026,Nội dung không rõ ràng: Ticket P1 có SLA phản hồi ban đầu 15 phút và resolution trong 4 giờ.,2025-01-18,2026-04-01T00:00:00,duplicate_chunk_text,
142,policy_refund_v4,,2026-02-17,2026-04-09T00:00:00,missing_chunk_text,
143,policy_refund_v4,Yêu cầu được gửi trong vòng 7 ngày làm việc kể từ thời điểm xác nhận đơn hàng.,2025-10-12,2026/04/09T00:00:00,duplicate_chunk_text,
144,it_helpdesk_faq,Tài khoản bị khóa sau 5 lần đăng nhập sai liên tiếp.,2026-02-18,2026-04-11T00:00:00,duplicate_chunk_text,
145,legacy_catalog_xyz_zzz,Chunk nội dung đủ dài để vượt ngưỡng expectation độ dài tối thiểu trong cleaned export.,2025-04-14,2026-04-04T00:00:00,unknown_doc_id,
146,sla_p1_2026,,2026-02-07,2026-04-01T00:00:00,missing_chunk_text,
147,data_privacy_guideline,Dữ liệu người dùng phải được mã hóa ở trạng thái nghỉ và đang truyền.,2025-05-18,2026-04-02T00:00:00,unknown_doc_id,
148,invalid_doc_zzyyzx,Yêu cầu được gửi trong vòng 7 ngày làm việc kể từ thời điểm xác nhận đơn hàng.,2025-08-09,2026-04-09T00:00:00,unknown_doc_id,
149,legacy_catalog_xyz_zzz,,2026-01-04,2026-04-11T00:00:00,unknown_doc_id,
150,sla_p1_2026,Ticket P1 có SLA phản hồi ban đầu 15 phút và resolution trong 4 giờ.,2025-05-13,2026-04-04T00:00:00,duplicate_chunk_text,
151,invalid_doc_xzxxzx,Yêu cầu được gửi trong vòng 7 ngày làm việc kể từ thời điểm xác nhận đơn hàng.,2026-01-25,2026-04-07T00:00:00,unknown_doc_id,
152,data_privacy_guideline,Nội dung không rõ ràng: Dữ liệu người dùng phải được mã hóa ở trạng thái nghỉ và đang truyền.,2025-02-09,2026-04-02T00:00:00,unknown_doc_id,
153,policy_refund_v4,Yêu cầu được gửi trong vòng 7 ngày làm việc kể từ thời điểm xác nhận đơn hàng.,2025-10-07,2026-04-05T00:00:00,duplicate_chunk_text,
154,hr_leave_policy,Nhân viên dưới 3 năm kinh nghiệm được 10 ngày phép năm (bản HR 2025).,12/04/2025,2026-04-03T00:00:00,stale_hr_policy_effective_date,2025-04-12
155,hr_leave_policy,Nhân viên dưới 3 năm kinh nghiệm được 10 ngày phép năm (bản HR 2025).,2026-02-17,2026/04/09T00:00:00,stale_hr_version_marker,
156,hr_leave_policy,Nhân viên dưới 3 năm kinh nghiệm được 10 ngày phép năm (bản HR 2025).,2025-10-18,2026-04-05T00:00:00,stale_hr_policy_effective_date,2025-10-18
157,security_policy,Người dùng phải bật xác thực hai yếu tố để truy cập hệ thống quản trị.,2026-03-14,2026/04/07T00:00:00,unknown_doc_id,
158,security_policy,Người dùng phải bật xác thực hai yếu tố để truy cập hệ thống quản trị.,2025-08-04,2026-04-04T00:00:00,unknown_doc_id,
159,hr_leave_policy,,2025-12-14,2026-04-03T00:00:00,stale_hr_policy_effective_date,2025-12-14
160,hr_leave_policy,Nhân viên dưới 3 năm kinh nghiệm được 10 ngày phép năm (bản HR 2025).,22/12/2025,2026-04-02T00:00:00,stale_hr_policy_effective_date,2025-12-22
161,legacy_catalog_xyz_zzz,Chunk nội dung đủ dài để vượt ngưỡng expectation độ dài tối thiểu trong cleaned export.,2025-12-06,2026-04-04T00:00:00,unknown_doc_id,
162,security_policy,Người dùng phải bật xác thực hai yếu tố để truy cập hệ thống quản trị.,2026-03-09,2026-04-02T00:00:00,unknown_doc_id,
163,sla_p1_2026,,2025-09-15,2026-04-11T00:00:00,missing_chunk_text,
164,policy_refund_v4,Yêu cầu hoàn tiền được chấp nhận trong vòng 14 ngày làm việc kể từ xác nhận đơn.,2025-09-27,2026-04-11T00:00:00,duplicate_chunk_text,
165,legacy_catalog_xyz_zzz,Chunk nội dung đủ dài để vượt ngưỡng expectation độ dài tối thiểu trong cleaned export.,2025-09-19,2026-04-09T00:00:00,unknown_doc_id,
166,it_helpdesk_faq,Tài khoản bị khóa sau 5 lần đăng nhập sai liên tiếp.,2025-05-03,2026-04-08T00:00:00,duplicate_chunk_text,
167,invalid_doc_yxyxxx,,2025-04-18,2026-04-06T00:00:00,unknown_doc_id,
168,invalid_doc_zzyxyx,Dữ liệu người dùng phải được mã hóa ở trạng thái nghỉ và đang truyền.,2026-03-03,2026-04-06T00:00:00,unknown_doc_id,
169,hr_leave_policy,Nhân viên dưới 3 năm kinh nghiệm được 10 ngày làm việc phép năm (bản HR 2025).,2025-11-04,2026-04-06T00:00:00,stale_hr_policy_effective_date,2025-11-04
170,it_helpdesk_faq,Tài khoản bị khóa sau 5 lần đăng nhập sai liên tiếp.,2025-10-07,2026-04-01T00:00:00,duplicate_chunk_text,
171,hr_leave_policy,,2025-11-07,2026-04-10T00:00:00,stale_hr_policy_effective_date,2025-11-07
172,legacy_catalog_xyz_zzz,Chunk nội dung đủ dài để vượt ngưỡng expectation độ dài tối thiểu trong cleaned export.,2025-07-22,2026/04/11T00:00:00,unknown_doc_id,
173,sla_p1_2026,Ticket P1 có SLA phản hồi ban đầu 15 phút và resolution trong 4 giờ.,2025-08-07,2026-04-09T00:00:00,duplicate_chunk_text,
174,data_privacy_guideline,Dữ liệu người dùng phải được mã hóa ở trạng thái nghỉ và đang truyền.,2025-12-27,2026-04-01T00:00:00,unknown_doc_id,
175,sla_p1_2026,Ticket P1 có SLA phản hồi ban đầu 15 phút và resolution trong 4 giờ.,2025-11-18,2026-04-02T00:00:00,duplicate_chunk_text,
176,it_helpdesk_faq,Nội dung không rõ ràng: Tài khoản bị khóa sau 5 lần đăng nhập sai liên tiếp.,2026-01-04,2026/04/02T00:00:00,duplicate_chunk_text,
177,invalid_doc_xzxxxz,Yêu cầu được gửi trong vòng 7 ngày làm việc kể từ thời điểm xác nhận đơn hàng.,2025-05-18,2026-04-04T00:00:00,unknown_doc_id,
178,it_helpdesk_faq,Tài khoản bị khóa sau 5 lần đăng nhập sai liên tiếp.,2025-01-15,2026-04-11T00:00:00,duplicate_chunk_text,
179,hr_leave_policy,Nhân viên dưới 3 năm kinh nghiệm được 10 ngày phép năm (bản HR 2025).,2025-11-17,2026-04-08T00:00:00,stale_hr_policy_effective_date,2025-11-17
180,data_privacy_guideline,Dữ liệu người dùng phải được mã hóa ở trạng thái nghỉ và đang truyền.,2025-06-05,2026-04-09T00:00:00,unknown_doc_id,
181,it_helpdesk_faq,Tài khoản bị khóa sau 5 lần đăng nhập sai liên tiếp.,2025-10-29,2026-04-02T00:00:00,duplicate_chunk_text,
182,data_privacy_guideline,Dữ liệu người dùng phải được mã hóa ở trạng thái nghỉ và đang truyền.,2025-07-19,2026-04-02T00:00:00,unknown_doc_id,
183,security_policy,Người dùng phải bật xác thực hai yếu tố để truy cập hệ thống quản trị.,2025-07-16,2026-04-05T00:00:00,unknown_doc_id,
184,policy_refund_v4,Yêu cầu được gửi trong vòng 7 ngày làm việc kể từ thời điểm xác nhận đơn hàng.,2026-03-27,2026-04-11T00:00:00,duplicate_chunk_text,
185,hr_leave_policy,Nhân viên dưới 3 năm kinh nghiệm được 10 ngày phép năm (bản HR 2025).,2025-03-09,2026-04-07T00:00:00,stale_hr_policy_effective_date,2025-03-09
186,it_helpdesk_faq,Tài khoản bị khóa sau 5 lần đăng nhập sai liên tiếp.,2026-03-17,2026-04-11T00:00:00,duplicate_chunk_text,
187,it_helpdesk_faq,Tài khoản bị khóa sau 5 lần đăng nhập sai liên tiếp.,,2026-04-08T00:00:00,missing_effective_date,
188,data_privacy_guideline,Dữ liệu người dùng phải được mã hóa ở trạng thái nghỉ và đang truyền.,2025-03-21,2026-04-03T00:00:00,unknown_doc_id,
189,legacy_catalog_xyz_zzz,Chunk nội dung đủ dài để vượt ngưỡng expectation độ dài tối thiểu trong cleaned export.,16/01/2025,2026-04-10T00:00:00,unknown_doc_id,
190,hr_leave_policy,Nhân viên dưới 3 năm kinh nghiệm được 10 ngày phép năm (bản HR 2025).,2025-04-29,2026-04-07T00:00:00,stale_hr_policy_effective_date,2025-04-29
191,legacy_catalog_xyz_zzz,Chunk nội dung đủ dài để vượt ngưỡng expectation độ dài tối thiểu trong cleaned export.,2026-02-14,2026-04-02T00:00:00,unknown_doc_id,
192,it_helpdesk_faq,Tài khoản bị khóa sau 5 lần đăng nhập sai liên tiếp.,14/10/2025,2026-04-03T00:00:00,duplicate_chunk_text,
193,legacy_catalog_xyz_zzz,Nội dung không rõ ràng: Chunk nội dung đủ dài để vượt ngưỡng expectation độ dài tối thiểu trong cleaned export.,2025-10-06,2026-04-08T00:00:00,unknown_doc_id,
194,data_privacy_guideline,Dữ liệu người dùng phải được mã hóa ở trạng thái nghỉ và đang truyền.,2025-01-05,2026-04-05T00:00:00,unknown_doc_id,
195,sla_p1_2026,Ticket P1 có SLA phản hồi ban đầu 15 phút và resolution trong 4 giờ.,16/08/2025,2026-04-11T00:00:00,duplicate_chunk_text,
196,data_privacy_guideline,,2025-11-04,2026-04-07T00:00:00,unknown_doc_id,
197,it_helpdesk_faq,Nội dung không rõ ràng: FAQ bổ sung: đổi mật khẩu qua portal self-service có thể mất tối đa 24 giờ để đồng bộ toàn hệ thống.,2026-01-15,2026-04-08T00:00:00,duplicate_chunk_text,
198,sla_p1_2026,Ticket P1 có SLA phản hồi ban đầu 15 phút và resolution trong 4 giờ.,2025-03-13,2026-04-09T00:00:00,duplicate_chunk_text,
199,sla_p1_2026,Ticket P1 có SLA phản hồi ban đầu 15 phút và resolution trong 4 giờ.,2025-08-04,2026-04-02T00:00:00,duplicate_chunk_text,
200,it_helpdesk_faq,Tài khoản bị khóa sau 5 lần đăng nhập sai liên tiếp.,2026-03-06,2026-04-04T00:00:00,duplicate_chunk_text,
201,policy_refund_v4,Nội dung không rõ ràng:,2025-10-31,2026-04-11T00:00:00,missing_chunk_text,
202,invalid_doc_yyyzzz,Tài khoản bị khóa sau 5 lần đăng nhập sai liên tiếp.,2026-02-18,2026-04-01T00:00:00,unknown_doc_id,
203,sla_p1_2026,,2025-08-24,2026-04-05T00:00:00,missing_chunk_text,
204,sla_p1_2026,Ticket P1 có SLA phản hồi ban đầu 15 phút và resolution trong 4 giờ.,2025-02-22,2026-04-01T00:00:00,duplicate_chunk_text,
205,policy_refund_v4,Yêu cầu được gửi trong vòng 7 ngày làm việc làm việc kể từ thời điểm xác nhận đơn hàng.,2025-12-12,2026-04-05T00:00:00,duplicate_chunk_text,
206,hr_leave_policy,Nhân viên dưới 3 năm kinh nghiệm được 10 ngày phép năm (bản HR 2025).,2025-03-31,2026/04/01T00:00:00,stale_hr_policy_effective_date,2025-03-31
207,policy_refund_v4,Yêu cầu được gửi trong vòng 7 ngày làm việc kể từ thời điểm xác nhận đơn hàng.,31/05/2025,2026-04-11T00:00:00,duplicate_chunk_text,
208,invalid_doc_zyxxzz,Chunk nội dung đủ dài để vượt ngưỡng expectation độ dài tối thiểu trong cleaned export. Nguồn: export tự động từ hệ thống CRM.,2026-03-30,2026-04-11T00:00:00,unknown_doc_id,
210,invalid_doc_yzxzzy,Nhân viên dưới 3 năm kinh nghiệm được 10 ngày phép năm (bản HR 2025).,2026-03-14,2026-04-03T00:00:00,unknown_doc_id,
216,access_control_sop,,2026-01-01,2026-04-10T00:00:00,missing_chunk_text,
218,invalid_doc_acl001,Level 4 Admin Access yêu cầu phê duyệt bởi IT Manager và CISO.,2025-06-15,2026-04-07T00:00:00,unknown_doc_id,
219,access_control_sop,Level 4 Admin Access yêu cầu phê duyệt bởi IT Manager và CISO. Thời gian xử lý: 5 ngày làm việc. Yêu cầu thêm: training bắt buộc về security policy.,2026-01-01,2026-04-08T00:00:00,duplicate_chunk_text,
225,invalid_doc_ref002,Finance Team xử lý hoàn tiền trong 3-5 ngày làm việc.,2025-08-20,2026-04-07T00:00:00,unknown_doc_id,
226,policy_refund_v4,"Ngoại lệ không được hoàn tiền: sản phẩm thuộc danh mục hàng kỹ thuật số (license key, subscription). Đơn hàng đã áp dụng mã giảm giá Flash Sale cũng không được hoàn.",2026-02-01,2026-04-08T00:00:00,duplicate_chunk_text,
231,invalid_doc_sla003,Escalation P1: tự động escalate nếu không có phản hồi trong 10 phút.,2025-05-10,2026-04-06T00:00:00,unknown_doc_id,
232,sla_p1_2026,Escalation P1: tự động escalate lên Senior Engineer nếu không có phản hồi trong 10 phút.,2026-01-15,2026-04-09T00:00:00,duplicate_chunk_text,
238,invalid_doc_faq004,Mật khẩu phải được thay đổi mỗi 90 ngày.,2025-07-12,2026-04-06T00:00:00,unknown_doc_id,
239,it_helpdesk_faq,VPN: mỗi tài khoản được kết nối tối đa 2 thiết bị cùng lúc. Phần mềm sử dụng: Cisco AnyConnect.,2026-01-20,2026-04-09T00:00:00,duplicate_chunk_text,
245,hr_leave_policy,Nhân viên từ 3 đến 5 năm kinh nghiệm được 15 ngày phép năm theo chính sách 2026.,2026-01-01,2026-04-09T00:00:00,duplicate_chunk_text,
246,hr_leave_policy,Nghỉ ốm: 10 ngày/năm có trả lương. Cần giấy tờ y tế nếu nghỉ trên 3 ngày liên tiếp.,12/05/2025,2026-04-07T00:00:00,stale_hr_policy_effective_date,2025-05-12
247,hr_leave_policy,Nhân viên dưới 3 năm kinh nghiệm được 12 ngày phép năm theo chính sách 2026.,2026-01-01,2026-04-11T00:00:00,duplicate_chunk_text,
